Timestamp,Are you missing anyone right now? Do you think they are missing you too?,What’s the best compliment a stranger has ever given you?,"How are you, really?",What lesson should you have learned by now?,What made you happiest as a child?
3/7/2026 15:44:27,i miss my dad. i don’t talk to him much because im no contact with my mom. i know he misses me too,“you have beautiful arms” 😭 also another person wasn’t really a stranger but after our first meeting one of my new friends told me i had great energy,getting better :),not to let people take advantage of me just because i can handle it. but i think im in the process of learning,"using my imagination, traveling, being outside in warm weather "
3/7/2026 15:45:32,yes. and no.,you have a really pretty name,feeling rather agoraphobic lately,your life won't be perfect,playing my 3ds under the covers late at night
3/7/2026 15:51:03,yes. i think so. but i know it's not a good idea to go back.,i think a loose friend once told me i had a very calming energy,"honestly pretty OK these days, though often tired",falling in love so fast has costs,when my dad would toss me into the pool on muggy summer evenings
3/7/2026 15:51:54,yea kjcs flying in tonight :),ngl bestie i literally can't remember any 😭. an old woman at a science conference once told me i would do great things when i was like 6,vibing,differential equations. not being able to work through the math for flow matching/diffusion papers is a stain on my honor,honest answer: praise. real answer: https://www.sayweee.com/en/product/GGE-Ramen-Snack-Cube-BBQ-flavor/97144. i would take like three pieces and slowly dissect them over the course of an hour to savor them
3/7/2026 16:02:29,Yes; possibly but hopefully not ,Probably ones about my hair or eyes?,Stressed but improving!,"Change is good, stagnation is bad",Praise and positive attention 
3/7/2026 16:05:52,Yes I miss the homies and they miss me too I think (based on things said in chat),“Your eyeliner is so good!”,"Anxious most of the time, even Xanax doesn’t make it go away",It’s ok to make mistakes ,Pokémon
3/7/2026 16:07:54,my best friend; probably,that I was kind to them,bad but getting better,freewheeling without a plan will screw you over,"music, video games, brief brushes with nature"
3/7/2026 16:10:31,"Shenai, hi. I hope so :)",You seem kind,"Overall good, just burnt out",Don’t fixate on what other people think of you,The outdoors
3/7/2026 16:16:19,"I miss my high school friends. we are too busy with our own lives to catch up, but I like to think we miss each other once in a while","""I like your party cat umbrella""",tired. and realizing that flirting with depression is a regular occurrence for me,speak up,being recognized for doing well
3/7/2026 16:23:47,Not so much. ,That they liked my musical performance act,Incredibly and vastly mixed ,It feels like I should have figured out pretty much everything by now,Focused attention
3/7/2026 16:35:39,My two best friends from my hometown. I think they are missing me too.,I love your hair and your outfit ,Good but w inner turmoil,Don’t give time to people who don’t give you their time back,Playing pretend outside 
3/7/2026 16:53:45,Yes and yes,That thing you did really helped me.,Great in some ways and terrible in others,"I think I'm going to refuse to answer a ""should"" question.","Coming in after playing in the snow, taking off my cold, wet clothes and warming up under the blankets"
3/7/2026 16:56:27,probably,you look beautiful,still alive,"to not make the same mistakes over and over again, get better at debugging",joy of play
3/7/2026 16:57:42,i miss my gf... i know she misses me too. i miss old friends that i haven't texted in ages. ,that they fw my fit,"lonely, but scared to do anything about it. it is easy to rationalize doing nothing",just do it!! things will be ok,idk about happiest but when whenever we were listening to the radio on holiday and my favorite song came on by chance... that always felt really cool
3/7/2026 17:40:51,Nope,You look tall,Bored,Pay taxes early,When I blew up the toilet
3/7/2026 18:08:36,Many people. I don’t think so,You’re an awesome bass player,Hurt ,How not to be afraid of other people’s emotions,Singing and drawing